feature,retained_n,retained_median,retained_min,retained_max,excluded_n,excluded_median,excluded_min,excluded_max,mannwhitney_p
sample size,15,2000.0,540.0,10992.0,29,1728.0,500.0,11055.0,0.9112200729179778
features,15,60.0,9.0,216.0,29,20.0,5.0,856.0,0.011114150052691485
numeric features,15,33.0,0.0,216.0,29,16.0,0.0,856.0,0.07420953584834356
categorical features,15,0.0,0.0,180.0,29,0.0,0.0,36.0,0.14626504497495002
categorical fraction,15,0.0,0.0,1.0,29,0.0,0.0,1.0,0.11515507850796187
classes,15,4.0,2.0,11.0,29,2.0,2.0,11.0,0.10298532764578808
class imbalance ratio,15,1.6839622641509433,1.0,13.402597402597404,29,1.963483146067416,1.0,18.615384615384617,0.30798735935899657
missing rate,15,0.0,0.0,0.0167869167869167,29,0.0,0.0,0.1391666666666666,0.8573867243206053
clean AUC (mean over models),15,0.9980943072702332,0.8685444911952627,0.9998885297418632,29,0.9360178605461624,0.6144509315007399,0.9987673851714329,0.0002479306941480956
clean utility U (mean over models),15,0.4721281317516064,0.3414269271588791,0.4979168578552249,29,0.3374975889852093,-0.04707065864936846,0.47980052598486544,0.00013732108119245923
