dataset_id,retained,n_samples,n_features,n_numeric,n_categorical,categorical_fraction,n_classes,class_imbalance_ratio,missing_rate,clean_auc,clean_utility
GesturePhaseSegmentation,False,9873,32,32,0,0.0,5,2.9559118236472948,0.0,0.8856540116167557,0.23900021460410448
MiceProtein,True,1080,77,77,0,0.0,8,1.4285714285714286,0.0167869167869167,0.9996434824140701,0.48369114887084563
PhishingWebsites,False,11055,30,0,30,1.0,2,1.2570436913025724,0.0,0.9952304425349519,0.45655849336667287
analcatdata_authorship,True,841,70,70,0,0.0,4,5.763636363636364,0.0,0.9998651058390977,0.49233475391537396
breast-w,True,699,9,9,0,0.0,2,1.900414937759336,0.0025433158480368,0.9956946680980496,0.45719177072861505
car,False,1728,6,0,6,1.0,4,18.615384615384617,0.0,0.9977695684731154,0.47803893824750826
churn,False,5000,20,16,4,0.2,2,6.072135785007072,0.0,0.901090089782153,0.36706550475551736
climate-model-simulation-crashes,True,540,18,18,0,0.0,2,10.73913043478261,0.0,0.933585371085371,0.3900715981629141
cmc,False,1473,9,2,7,0.7777777777777778,3,1.8888888888888888,0.0,0.719464831772956,0.012175755711400355
cnae-9,False,1080,856,856,0,0.0,9,1.0,0.0,0.9922702570111264,0.4084551226758044
credit-approval,False,690,15,6,9,0.6,2,1.247557003257329,0.0064734299516908,0.933564377231674,0.2915931489624454
credit-g,False,1000,20,7,13,0.65,2,2.333333333333333,0.0,0.7810728982951205,0.1264390506384848
diabetes,False,768,8,8,0,0.0,2,1.8656716417910448,0.0,0.8123822588020119,0.13081343865950523
dna,True,3186,180,0,180,1.0,3,2.1620915032679737,0.0,0.9940417875728755,0.448473042215067
dresses-sales,False,500,12,1,11,0.9166666666666666,2,1.380952380952381,0.1391666666666666,0.6144509315007399,-0.04707065864936846
eucalyptus,False,736,19,14,5,0.2631578947368421,5,2.038095238095238,0.0320366132723112,0.9140004551891556,0.23814780719740977
first-order-theorem-proving,False,6118,51,51,0,0.0,6,5.255144032921811,0.0,0.8220163230184738,0.16142095115603508
ilpd,False,583,10,9,1,0.1,2,2.4910179640718564,0.0,0.7296266666666668,0.07865120827460861
kc1,False,2109,21,21,0,0.0,2,5.469325153374233,0.0,0.8117076737236951,0.24698468356258058
kr-vs-kp,False,3196,36,0,36,1.0,2,1.0929927963326784,0.0,0.9987673851714329,0.47971871789871845
mfeat-factors,True,2000,216,216,0,0.0,10,1.0,0.0,0.9985301783264746,0.4755542542961558
mfeat-fourier,True,2000,76,76,0,0.0,10,1.0,0.0,0.9853427640603566,0.40615211793920497
mfeat-karhunen,True,2000,64,64,0,0.0,10,1.0,0.0,0.9980943072702332,0.4721281317516064
mfeat-morphological,False,2000,6,6,0,0.0,10,1.0,0.0,0.9628653978052127,0.320171971455145
mfeat-zernike,False,2000,47,47,0,0.0,10,1.0,0.0,0.9769067215363513,0.3790156349648682
optdigits,True,5620,64,64,0,0.0,10,1.032490974729242,0.0,0.9996749684709947,0.4878696147558588
ozone-level-8hr,False,2534,72,72,0,0.0,2,14.8375,0.0,0.9095883006077607,0.37544312348701403
pc1,True,1109,21,21,0,0.0,2,13.402597402597404,0.0,0.8685444911952627,0.3414269271588791
pc3,False,1563,37,37,0,0.0,2,8.76875,0.0,0.8289621272103458,0.2848153974090975
pc4,False,1458,37,37,0,0.0,2,7.191011235955056,0.0,0.9360178605461624,0.35894552151496684
pendigits,True,10992,16,16,0,0.0,10,1.0843601895734598,0.0,0.9994716478817429,0.4898863589268018
phoneme,False,5404,5,5,0,0.0,2,2.407313997477932,0.0,0.9373108245625185,0.3374975889852093
qsar-biodeg,False,1055,41,41,0,0.0,2,1.963483146067416,0.0,0.9221554665479901,0.27347773433919537
satimage,False,6430,36,36,0,0.0,6,2.4496,0.0,0.9901151823591801,0.43838532854093276
segment,False,2310,19,19,0,0.0,7,1.0,0.0,0.9984182587998526,0.47980052598486544
spambase,False,4601,57,57,0,0.0,2,1.5377826806398236,0.0,0.9859978228149084,0.41943018412695515
splice,True,3190,60,0,60,1.0,3,2.1577574967405475,0.0,0.993588518353931,0.44688393388380476
steel-plates-fault,True,1941,33,33,0,0.0,2,1.8841010401188707,0.0,0.999854184893555,0.4979168578552249
texture,True,5500,40,40,0,0.0,11,1.0,0.0,0.9998885297418632,0.49231920741424734
tic-tac-toe,False,958,9,0,9,1.0,2,1.8855421686746987,0.0,0.9974172576832151,0.4543217293661265
vehicle,False,846,18,18,0,0.0,4,1.0954773869346734,0.0,0.944144781069653,0.3221544717736503
vowel,False,990,12,10,2,0.16666666666666666,11,1.0,0.0,0.9932368957060316,0.4419264614583403
wall-robot-navigation,False,5456,24,24,0,0.0,4,6.722560975609756,0.0,0.9845031040987722,0.45576751758210915
wdbc,True,569,30,30,0,0.0,2,1.6839622641509433,0.0,0.9903946002076842,0.43702750859554756
