alpha,model,aure,A,T
0.0,catboost,0.0744318181818182,0.8787878787878788,0.08469827586206899
0.0,hist_gbdt,0.06401515151515152,0.5681818181818182,0.11266666666666668
0.0,logreg,0.05151515151515152,0.5909090909090909,0.08717948717948719
0.0,tabicl,0.09772727272727273,0.946969696969697,0.1032
0.0,tabpfn,0.08882575757575759,0.9242424242424242,0.09610655737704919
0.0,xgboost,0.06950757575757577,0.5757575757575758,0.12072368421052633
0.01,catboost,0.07414540502959859,0.877789360474481,0.08446833416791469
0.01,hist_gbdt,0.06402343709909222,0.5682051626327411,0.1126766198364757
0.01,logreg,0.05173580336348989,0.5905354401202276,0.08760829553761744
0.01,tabicl,0.09679070126263867,0.9480879906635634,0.10209042010425129
0.01,tabpfn,0.08818916116531139,0.9236340386334436,0.09548063137191333
0.01,xgboost,0.06937763661818042,0.5740058933730001,0.12086572179686227
0.05,catboost,0.07122921558765977,0.8664358732176247,0.08220944883450014
0.05,hist_gbdt,0.06315823493900118,0.5680709994251878,0.11118017818707326
0.05,logreg,0.0490670604915309,0.5847251554087975,0.08391474188796745
0.05,tabicl,0.0928381657209881,0.9419488958081808,0.09855966298610508
0.05,tabpfn,0.08445839781536031,0.9172190806954513,0.09208094292077144
0.05,xgboost,0.06938141400320981,0.575542829200993,0.12054952382871267
0.1,catboost,0.0679196482633182,0.8529102013464553,0.07963282436544451
0.1,hist_gbdt,0.06091081248138936,0.5612270799314927,0.10853149225946931
0.1,logreg,0.04479244116609628,0.577368862785733,0.07758028541750298
0.1,tabicl,0.08883309022042928,0.9311739265061902,0.09539903093478502
0.1,tabpfn,0.08103985863350179,0.9054049399312389,0.08950675555145123
0.1,xgboost,0.06801777114382952,0.5728610179889886,0.11873346066137275
0.25,catboost,0.04359073354921465,0.7405204173363104,0.05886499889633393
0.25,hist_gbdt,0.04156445771232778,0.4945976953918888,0.08403690130297647
0.25,logreg,0.02579048255673211,0.4983344022004196,0.051753365697517546
0.25,tabicl,0.06415970936518202,0.8374777126012576,0.07661064694593243
0.25,tabpfn,0.05840907415773625,0.8074267855912243,0.07233977767404288
0.25,xgboost,0.046550264291598926,0.5068262254733,0.09184659741734542
0.5,catboost,0.014308594550938388,0.5036834267345218,0.02840791217551827
0.5,hist_gbdt,0.01345981301411646,0.34675152659874886,0.03881688177739958
0.5,logreg,0.009441423799132109,0.35202536428764,0.026820294095108214
0.5,tabicl,0.024708954107202672,0.6094033425238992,0.040546141419028486
0.5,tabpfn,0.022700061408530113,0.5835784002272907,0.03889804934467922
0.5,xgboost,0.014120206462755644,0.348444463553561,0.04052354948835386
1.0,catboost,0.0044211695652884315,0.3030395790946565,0.014589412968751018
1.0,hist_gbdt,0.003578152821050702,0.21988228961676035,0.016273037848055772
1.0,logreg,0.00334198472201956,0.22967325075683534,0.014551040275725704
1.0,tabicl,0.0073353120721544336,0.37693717559348955,0.019460304122576783
1.0,tabpfn,0.006910912618071073,0.36075573664555294,0.019156764303546285
1.0,xgboost,0.003669215596209686,0.2149695779741644,0.01706853421208587
