reference_set,model,aure,A,T,lambda0_fail_rate,n_cells
"published (xgboost, catboost)",tabicl,0.09772727272727273,0.946969696969697,0.1032,0.05303030303030298,264
"published (xgboost, catboost)",tabpfn,0.08882575757575759,0.9242424242424242,0.09610655737704919,0.0757575757575758,264
"published (xgboost, catboost)",catboost,0.07443181818181821,0.8787878787878788,0.08469827586206898,0.12121212121212122,264
"published (xgboost, catboost)",xgboost,0.06950757575757577,0.5757575757575758,0.12072368421052633,0.4242424242424242,264
"published (xgboost, catboost)",hist_gbdt,0.06401515151515152,0.5681818181818182,0.11266666666666665,0.43181818181818177,264
"published (xgboost, catboost)",logreg,0.05151515151515152,0.5909090909090909,0.08717948717948719,0.40909090909090906,264
"(xgboost, hist_gbdt)",tabicl,0.10852272727272728,0.946969696969697,0.11460000000000001,0.05303030303030298,264
"(xgboost, hist_gbdt)",tabpfn,0.09924242424242426,0.9242424242424242,0.10737704918032788,0.0757575757575758,264
"(xgboost, hist_gbdt)",catboost,0.09204545454545456,0.8787878787878788,0.10474137931034484,0.12121212121212122,264
"(xgboost, hist_gbdt)",xgboost,0.07708333333333334,0.696969696969697,0.11059782608695654,0.303030303030303,264
"(xgboost, hist_gbdt)",hist_gbdt,0.07462121212121213,0.7121212121212122,0.1047872340425532,0.28787878787878785,264
"(xgboost, hist_gbdt)",logreg,0.06893939393939394,0.6363636363636364,0.10833333333333335,0.36363636363636365,264
"(catboost, hist_gbdt)",tabicl,0.09734848484848486,0.946969696969697,0.10280000000000002,0.05303030303030298,264
"(catboost, hist_gbdt)",tabpfn,0.0884469696969697,0.9242424242424242,0.09569672131147543,0.0757575757575758,264
"(catboost, hist_gbdt)",catboost,0.07310606060606062,0.8787878787878788,0.0831896551724138,0.12121212121212122,264
"(catboost, hist_gbdt)",xgboost,0.06893939393939394,0.5757575757575758,0.11973684210526318,0.4242424242424242,264
"(catboost, hist_gbdt)",hist_gbdt,0.06401515151515151,0.5757575757575758,0.1111842105263158,0.4242424242424242,264
"(catboost, hist_gbdt)",logreg,0.05113636363636364,0.5909090909090909,0.08653846153846154,0.40909090909090906,264
all three boosted,tabicl,0.09734848484848486,0.946969696969697,0.10280000000000002,0.05303030303030298,264
all three boosted,tabpfn,0.08825757575757576,0.9242424242424242,0.09549180327868854,0.0757575757575758,264
all three boosted,catboost,0.07291666666666669,0.8787878787878788,0.08297413793103449,0.12121212121212122,264
all three boosted,xgboost,0.06818181818181818,0.5757575757575758,0.11842105263157894,0.4242424242424242,264
all three boosted,hist_gbdt,0.06287878787878788,0.5681818181818182,0.11066666666666668,0.43181818181818177,264
all three boosted,logreg,0.050378787878787884,0.5909090909090909,0.08525641025641026,0.40909090909090906,264
catboost only,tabicl,0.09848484848484848,0.946969696969697,0.10400000000000001,0.05303030303030298,264
catboost only,tabpfn,0.08996212121212122,0.9242424242424242,0.09733606557377052,0.0757575757575758,264
catboost only,catboost,0.07537878787878789,0.8787878787878788,0.08577586206896554,0.12121212121212122,264
catboost only,xgboost,0.07121212121212123,0.5757575757575758,0.12368421052631581,0.4242424242424242,264
catboost only,hist_gbdt,0.0659090909090909,0.5757575757575758,0.11447368421052631,0.4242424242424242,264
catboost only,logreg,0.05246212121212122,0.5909090909090909,0.08878205128205129,0.40909090909090906,264
xgboost only,tabicl,0.11060606060606061,0.946969696969697,0.11680000000000001,0.05303030303030298,264
xgboost only,tabpfn,0.10132575757575757,0.9242424242424242,0.10963114754098363,0.0757575757575758,264
xgboost only,catboost,0.09640151515151517,0.8787878787878788,0.10969827586206898,0.12121212121212122,264
xgboost only,xgboost,0.08295454545454545,0.7196969696969697,0.11526315789473687,0.2803030303030303,264
xgboost only,hist_gbdt,0.08143939393939394,0.7121212121212122,0.11436170212765957,0.28787878787878785,264
xgboost only,logreg,0.07272727272727274,0.6439393939393939,0.11294117647058825,0.3560606060606061,264
hist_gbdt only,tabicl,0.1100378787878788,0.946969696969697,0.11620000000000001,0.05303030303030298,264
hist_gbdt only,tabpfn,0.1018939393939394,0.9242424242424242,0.11024590163934428,0.0757575757575758,264
hist_gbdt only,catboost,0.09659090909090909,0.8787878787878788,0.10991379310344829,0.12121212121212122,264
hist_gbdt only,xgboost,0.08352272727272728,0.696969696969697,0.11983695652173916,0.303030303030303,264
hist_gbdt only,hist_gbdt,0.0816287878787879,0.75,0.10883838383838386,0.25,264
hist_gbdt only,logreg,0.07651515151515152,0.6439393939393939,0.11882352941176472,0.3560606060606061,264
